<?xml version="1.0"?>
<doc>
    <assembly>
        <name>ESRI.ArcLogistics.ShapefileReader</name>
    </assembly>
    <members>
        <member name="T:ESRI.ArcLogistics.ShapefileReader.Properties.Resources">
            <summary>
              A strongly-typed resource class, for looking up localized strings, etc.
            </summary>
        </member>
        <member name="P:ESRI.ArcLogistics.ShapefileReader.Properties.Resources.ResourceManager">
            <summary>
              Returns the cached ResourceManager instance used by this class.
            </summary>
        </member>
        <member name="P:ESRI.ArcLogistics.ShapefileReader.Properties.Resources.Culture">
            <summary>
              Overrides the current thread's CurrentUICulture property for all
              resource lookups using this strongly typed resource class.
            </summary>
        </member>
        <member name="T:ESRI.ArcLogistics.ShapefileReader.Shape">
            <summary>
            Shape.
            </summary>
        </member>
        <member name="M:ESRI.ArcLogistics.ShapefileReader.Shape.#ctor(Esri.ShapefileReader.Shape)">
            <summary>
            Constructor with parameters.
            </summary>
            <param name="shape">Shape.</param>
        </member>
        <member name="M:ESRI.ArcLogistics.ShapefileReader.Shape._ConvertToArcLogisticsPolygon(ESRI.ArcGIS.Client.Geometry.Polygon)">
            <summary>
            Method converts ESRI ArcGIS Polygon object to ESRI ArcLogistics Polygon object.
            </summary>
            <param name="polygon">Polygon to convert.</param>
            <returns>ESRI ArcLogistics Polygon object.</returns>
        </member>
        <member name="M:ESRI.ArcLogistics.ShapefileReader.Shape._ConvertToArcLogisticsPolyline(ESRI.ArcGIS.Client.Geometry.Polyline)">
            <summary>
            Method converts ESRI ArcGIS Polyline object to ESRI ArcLogistics Polyline object.
            </summary>
            <param name="polyline">Polyline to convert.</param>
            <returns>ESRI ArcLogistics Polyline object.</returns>
        </member>
        <member name="M:ESRI.ArcLogistics.ShapefileReader.Shape._ConvertToArcLogisticsPoint(ESRI.ArcGIS.Client.Geometry.MapPoint)">
            <summary>
            Method converts ESRI ArcGIS MapPoint object to ESRI ArcLogistics Point object.
            </summary>
            <param name="mapPoint">MapPoint to convert.</param>
            <returns>ESRI ArcLogistics Point object.</returns>
        </member>
        <member name="M:ESRI.ArcLogistics.ShapefileReader.Shape._IsPointValid(ESRI.ArcGIS.Client.Geometry.MapPoint)">
            <summary>
            Checks is point has valid\inited values.
            </summary>
            <param name="point">Point object to check.</param>
            <returns>TRUE if all properties of point is valid.</returns>
        </member>
        <member name="M:ESRI.ArcLogistics.ShapefileReader.Shape._ConvertToArcLogisticsEnvelope(ESRI.ArcGIS.Client.Geometry.Envelope)">
            <summary>
            Method converts ESRI ArcGIS Envelope object to ESRI ArcLogistics Envelope object.
            </summary>
            <param name="envelope">Envelope to covert.</param>
            <returns>ESRI ArcLogistics Envelope object.</returns>
        </member>
        <member name="F:ESRI.ArcLogistics.ShapefileReader.Shape._shape">
            <summary>
            Shape.
            </summary>
        </member>
        <member name="P:ESRI.ArcLogistics.ShapefileReader.Shape.Extent">
            <summary>
            Extent.
            </summary>
        </member>
        <member name="P:ESRI.ArcLogistics.ShapefileReader.Shape.Geometry">
            <summary>
            ArcLogistics Geometry object.
            Can be converted to one of ArcLogistics Geometry objects.
            </summary>
        </member>
        <member name="P:ESRI.ArcLogistics.ShapefileReader.Shape.ShapeType">
            <summary>
            Shape type.
            </summary>
        </member>
        <member name="T:ESRI.ArcLogistics.ShapefileReader.Shapefile">
            <summary>
            Shapefile class perform reading of ESRI Shape Files.
            </summary>
        </member>
        <member name="M:ESRI.ArcLogistics.ShapefileReader.Shapefile.#ctor(System.String,System.Boolean)">
            <summary>
            Constructor.
            </summary>
            <param name="path">Path to file.</param>
            <param name="loadIntoMemory">Load into memory.</param>
        </member>
        <member name="M:ESRI.ArcLogistics.ShapefileReader.Shapefile.ReadAttributes(System.Int32)">
            <summary>
            Method read attributes from file for current index.
            </summary>
            <param name="index">Index.</param>
            <returns>DataRow associated to index.</returns>
        </member>
        <member name="M:ESRI.ArcLogistics.ShapefileReader.Shapefile.ReadRecord(System.Int32)">
            <summary>
            Method read Shape record from file by given record number.
            </summary>
            <param name="recNum">Record number.</param>
            <returns>Shape.</returns>
        </member>
        <member name="F:ESRI.ArcLogistics.ShapefileReader.Shapefile._file">
            <summary>
            Shape file.
            </summary>
        </member>
        <member name="P:ESRI.ArcLogistics.ShapefileReader.Shapefile.RecordCount">
            <summary>
            Records count.
            </summary>
        </member>
        <member name="P:ESRI.ArcLogistics.ShapefileReader.Shapefile.SchemaTable">
            <summary>
            Schema table.
            </summary>
        </member>
        <member name="P:ESRI.ArcLogistics.ShapefileReader.Shapefile.SRID">
            <summary>
            SRID.
            </summary>
        </member>
        <member name="P:ESRI.ArcLogistics.ShapefileReader.Shapefile.SRWKT">
            <summary>
            SRWKT.
            </summary>
        </member>
        <member name="T:ESRI.ArcLogistics.ShapefileReader.ShapeType">
            <summary>
            Shape type.
            </summary>
        </member>
        <member name="F:ESRI.ArcLogistics.ShapefileReader.ShapeType.Null">
            <summary>
            Null.
            </summary>
        </member>
        <member name="F:ESRI.ArcLogistics.ShapefileReader.ShapeType.Point">
            <summary>
            Point.
            </summary>
        </member>
        <member name="F:ESRI.ArcLogistics.ShapefileReader.ShapeType.PolyLine">
            <summary>
            Polyline.
            </summary>
        </member>
        <member name="F:ESRI.ArcLogistics.ShapefileReader.ShapeType.Polygon">
            <summary>
            Polygon.
            </summary>
        </member>
        <member name="F:ESRI.ArcLogistics.ShapefileReader.ShapeType.MultiPoint">
            <summary>
            Multipoint.
            </summary>
        </member>
        <member name="F:ESRI.ArcLogistics.ShapefileReader.ShapeType.PointZ">
            <summary>
            Point Z.
            </summary>
        </member>
        <member name="F:ESRI.ArcLogistics.ShapefileReader.ShapeType.PolyLineZ">
            <summary>
            Polyline Z
            </summary>
        </member>
        <member name="F:ESRI.ArcLogistics.ShapefileReader.ShapeType.PolygonZ">
            <summary>
            Polygon Z.
            </summary>
        </member>
        <member name="F:ESRI.ArcLogistics.ShapefileReader.ShapeType.MultiPointZ">
            <summary>
            Multi pointZ.
            </summary>
        </member>
        <member name="F:ESRI.ArcLogistics.ShapefileReader.ShapeType.PointM">
            <summary>
            Point M.
            </summary>
        </member>
        <member name="F:ESRI.ArcLogistics.ShapefileReader.ShapeType.PolyLineM">
            <summary>
            Polyline M.
            </summary>
        </member>
        <member name="F:ESRI.ArcLogistics.ShapefileReader.ShapeType.PolygonM">
            <summary>
            Polygon M.
            </summary>
        </member>
        <member name="F:ESRI.ArcLogistics.ShapefileReader.ShapeType.MultiPointM">
            <summary>
            Multipoint M.
            </summary>
        </member>
        <member name="F:ESRI.ArcLogistics.ShapefileReader.ShapeType.MultiPatch">
            <summary>
            Multipatch.
            </summary>
        </member>
    </members>
</doc>
